,year,player,squad,position,age,games,games_starts,minutes,goals,assists,pens_made,pens_att,cards_yellow,cards_red,goals_per90,goals_assists_per90,goals_pens_per90,goals_assists_pens_per90
0,2019,Patrick van Aanholt,Crystal Palace,DF,28,29,29,"2,507",3,2,1,1,0,0,0.11,0.18,0.07,0.14
1,2019,Max Aarons,Norwich City,DF,19,36,36,"3,240",0,1,0,0,7,0,0.00,0.03,0.00,0.03
2,2019,Tammy Abraham,Chelsea,FW,21,34,25,"2,215",15,3,0,0,2,0,0.61,0.73,0.61,0.73
3,2019,Che Adams,Southampton,FW,23,30,12,"1,111",4,2,0,0,0,0,0.32,0.49,0.32,0.49
4,2019,Adrián,Liverpool,GK,32,11,9,875,0,0,0,0,1,0,0.00,0.00,0.00,0.00
5,2019,Sergio Agüero,Manchester City,FW,31,24,18,"1,452",16,3,2,3,1,0,0.99,1.18,0.87,1.05
6,2019,Albian Ajeti,West Ham,"MF,FW",22,9,0,139,0,0,0,0,0,0,0.00,0.00,0.00,0.00
7,2019,Nathan Aké,Bournemouth,DF,24,29,29,"2,503",2,2,0,0,2,0,0.07,0.14,0.07,0.14
8,2019,Marc Albrighton,Leicester City,"MF,DF",29,20,9,867,0,3,0,0,2,0,0.00,0.31,0.00,0.31
9,2019,Toby Alderweireld,Tottenham,DF,30,33,33,"2,957",2,2,0,0,7,0,0.06,0.12,0.06,0.12
10,2019,Trent Alexander-Arnold,Liverpool,DF,20,38,35,"3,175",4,13,0,0,5,0,0.11,0.48,0.11,0.48
11,2019,Alisson,Liverpool,GK,26,29,29,"2,543",0,1,0,0,0,1,0.00,0.04,0.00,0.04
12,2019,Dele Alli,Tottenham,"MF,FW",23,25,21,"1,847",8,4,1,1,2,0,0.39,0.58,0.34,0.54
13,2019,Miguel Almirón,Newcastle Utd,"MF,FW",25,36,35,"3,021",4,2,0,0,5,0,0.12,0.18,0.12,0.18
14,2019,Marcos Alonso,Chelsea,DF,28,18,15,"1,430",4,2,0,0,4,0,0.25,0.38,0.25,0.38
15,2019,Steven Alzate,Brighton,"MF,DF",20,19,12,"1,188",0,0,0,0,1,0,0.00,0.00,0.00,0.00
16,2019,Ibrahim Amadou,Norwich City,"DF,MF",26,11,8,759,0,0,0,0,1,0,0.00,0.00,0.00,0.00
17,2019,Felipe Anderson,West Ham,"MF,FW",26,25,20,"1,497",1,4,0,0,1,0,0.06,0.30,0.06,0.30
18,2019,Florin Andone,Brighton,"MF,FW",26,3,1,73,1,0,0,0,0,1,1.23,1.23,1.23,1.23
19,2019,Angeliño,Manchester City,DF,22,6,4,423,0,0,0,0,1,0,0.00,0.00,0.00,0.00
20,2019,Faustino Anjorin,Chelsea,FW,17,1,0,20,0,0,0,0,0,0,0.00,0.00,0.00,0.00
21,2019,Michail Antonio,West Ham,FW,29,24,19,"1,768",10,3,1,1,3,0,0.51,0.66,0.46,0.61
22,2019,Stuart Armstrong,Southampton,MF,27,30,19,"1,715",5,3,0,0,4,0,0.26,0.42,0.26,0.42
23,2019,Kepa Arrizabalaga,Chelsea,GK,24,33,33,"2,970",0,0,0,0,0,0,0.00,0.00,0.00,0.00
24,2019,Christian Atsu,Newcastle Utd,"FW,MF",27,19,6,749,0,3,0,0,2,0,0.00,0.36,0.00,0.36
25,2019,Pierre-Emerick Aubameyang,Arsenal,FW,30,36,35,"3,136",22,3,2,2,3,1,0.63,0.72,0.57,0.66
26,2019,Serge Aurier,Tottenham,DF,26,33,31,"2,700",1,5,0,0,4,1,0.03,0.20,0.03,0.20
27,2019,Jordan Ayew,Crystal Palace,"FW,MF",27,37,37,"3,148",9,2,0,0,6,0,0.26,0.31,0.26,0.31
28,2019,César Azpilicueta,Chelsea,DF,29,36,36,"3,229",2,6,0,0,1,0,0.06,0.22,0.06,0.22
29,2019,Eric Bailly,Manchester Utd,DF,25,4,1,150,0,0,0,0,0,0,0.00,0.00,0.00,0.00
30,2019,Leighton Baines,Everton,DF,34,8,4,404,0,0,0,0,0,0,0.00,0.00,0.00,0.00
31,2019,Fabián Balbuena,West Ham,DF,27,17,13,"1,177",1,0,0,0,2,0,0.08,0.08,0.08,0.08
32,2019,George Baldock,Sheffield Utd,DF,26,38,38,"3,420",2,3,0,0,7,0,0.05,0.13,0.05,0.13
33,2019,Phil Bardsley,Burnley,DF,34,21,21,"1,890",0,1,0,0,6,0,0.00,0.05,0.00,0.05
34,2019,Ross Barkley,Chelsea,MF,25,21,13,"1,103",1,4,0,0,0,0,0.08,0.41,0.08,0.41
35,2019,Ashley Barnes,Burnley,FW,29,19,17,"1,352",6,0,1,1,4,0,0.40,0.40,0.33,0.33
36,2019,Harvey Barnes,Leicester City,"MF,FW",21,36,24,"2,083",6,8,0,0,0,0,0.26,0.60,0.26,0.60
37,2019,Chris Basham,Sheffield Utd,DF,31,38,38,"3,242",0,1,0,0,4,0,0.00,0.03,0.00,0.03
38,2019,Borja Bastón,Aston Villa,"MF,FW",26,2,0,18,0,0,0,0,0,0,0.00,0.00,0.00,0.00
39,2019,Michy Batshuayi,Chelsea,FW,25,16,1,239,1,1,0,0,0,0,0.38,0.75,0.38,0.75
40,2019,Jan Bednarek,Southampton,DF,23,34,34,"3,057",1,1,0,0,4,0,0.03,0.06,0.03,0.06
41,2019,Héctor Bellerín,Arsenal,DF,24,15,13,"1,158",1,0,0,0,2,0,0.08,0.08,0.08,0.08
42,2019,Ryan Bennett,Wolves,DF,29,11,7,606,0,0,0,0,2,0,0.00,0.00,0.00,0.00
43,2019,Ryan Bennett,Leicester City,DF,29,5,3,331,0,0,0,0,0,0,0.00,0.00,0.00,0.00
44,2019,Nabil Bentaleb,Newcastle Utd,MF,24,12,8,751,0,0,0,0,2,0,0.00,0.00,0.00,0.00
45,2019,Christian Benteke,Crystal Palace,FW,28,24,13,"1,261",2,1,0,0,4,1,0.14,0.21,0.14,0.21
46,2019,Jóhann Berg Guðmundsson,Burnley,MF,28,12,6,621,1,1,0,0,0,0,0.14,0.29,0.14,0.29
47,2019,Sander Berge,Sheffield Utd,MF,21,14,12,943,1,1,0,0,0,0,0.10,0.19,0.10,0.19
48,2019,Steven Bergwijn,Tottenham,"FW,MF",21,14,8,704,3,1,0,0,2,0,0.38,0.51,0.38,0.51
49,2019,Bernard,Everton,"MF,FW",26,27,15,"1,280",3,2,0,0,2,0,0.21,0.35,0.21,0.35
50,2019,Bernardo,Brighton,DF,24,14,7,679,0,0,0,0,1,0,0.00,0.00,0.00,0.00
51,2019,Ryan Bertrand,Southampton,DF,29,32,31,"2,742",1,1,0,0,3,1,0.03,0.07,0.03,0.07
52,2019,Muhamed Bešić,Sheffield Utd,MF,26,9,2,250,0,0,0,0,2,0,0.00,0.00,0.00,0.00
53,2019,Philip Billing,Bournemouth,MF,23,34,29,"2,530",1,1,0,0,8,0,0.04,0.07,0.04,0.07
54,2019,Yves Bissouma,Brighton,MF,22,22,15,"1,259",1,0,0,0,4,0,0.07,0.07,0.07,0.07
55,2019,Willy Boly,Wolves,DF,28,22,22,"1,979",0,1,0,0,3,1,0.00,0.05,0.00,0.05
56,2019,Gaëtan Bong,Brighton,"MF,DF",31,4,0,59,0,0,0,0,0,0,0.00,0.00,0.00,0.00
57,2019,Sofiane Boufal,Southampton,"MF,FW",25,20,8,764,0,2,0,0,2,0,0.00,0.24,0.00,0.24
58,2019,Jarrod Bowen,West Ham,FW,22,13,11,917,1,4,0,0,0,0,0.10,0.49,0.10,0.49
59,2019,Robbie Brady,Burnley,MF,27,17,5,454,1,2,0,0,1,0,0.20,0.59,0.20,0.59
60,2019,Jarrad Branthwaite,Everton,DF,17,4,2,300,0,0,0,0,0,0,0.00,0.00,0.00,0.00
61,2019,Claudio Bravo,Manchester City,GK,36,4,3,347,0,0,0,0,0,0,0.00,0.00,0.00,0.00
62,2019,Armando Broja,Chelsea,FW,17,1,0,5,0,0,0,0,0,0,0.00,0.00,0.00,0.00
63,2019,David Brooks,Bournemouth,MF,22,9,8,506,1,0,0,0,1,0,0.18,0.18,0.18,0.18
64,2019,Josh Brownhill,Burnley,MF,23,10,9,805,0,0,0,0,2,0,0.00,0.00,0.00,0.00
65,2019,Emi Buendía,Norwich City,"FW,MF",22,36,28,"2,464",1,7,0,0,6,1,0.04,0.29,0.04,0.29
66,2019,Dan Burn,Brighton,DF,27,34,33,"2,880",0,0,0,0,5,0,0.00,0.00,0.00,0.00
67,2019,Sam Byram,Norwich City,DF,25,17,15,"1,293",0,0,0,0,4,0,0.00,0.00,0.00,0.00
68,2019,Willy Caballero,Chelsea,GK,37,5,5,450,0,0,0,0,0,0,0.00,0.00,0.00,0.00
69,2019,Gary Cahill,Crystal Palace,DF,33,25,25,"2,167",0,1,0,0,1,0,0.00,0.04,0.00,0.04
70,2019,Dominic Calvert-Lewin,Everton,FW,22,36,30,"2,626",13,1,0,0,9,0,0.45,0.48,0.45,0.48
71,2019,Víctor Camarasa,Crystal Palace,MF,25,1,0,6,0,0,0,0,0,0,0.00,0.00,0.00,0.00
72,2019,João Cancelo,Manchester City,DF,25,17,13,"1,208",0,0,0,0,4,0,0.00,0.00,0.00,0.00
73,2019,Todd Cantwell,Norwich City,"FW,MF",21,37,30,"2,489",6,2,0,0,6,0,0.22,0.29,0.22,0.29
74,2019,Étienne Capoue,Watford,MF,31,30,30,"2,627",0,3,0,0,8,0,0.00,0.10,0.00,0.10
75,2019,Andy Carroll,Newcastle Utd,FW,30,19,4,632,0,4,0,0,1,0,0.00,0.57,0.00,0.57
76,2019,Jonny Castro,Wolves,DF,25,35,33,"2,887",2,2,0,0,4,0,0.06,0.12,0.06,0.12
77,2019,Craig Cathcart,Watford,DF,30,29,28,"2,488",0,0,0,0,7,0,0.00,0.00,0.00,0.00
78,2019,Dani Ceballos,Arsenal,MF,22,24,18,"1,692",0,2,0,0,1,0,0.00,0.11,0.00,0.11
79,2019,Nathaniel Chalobah,Watford,MF,24,22,10,930,0,1,0,0,1,0,0.00,0.10,0.00,0.10
80,2019,Calum Chambers,Arsenal,DF,24,14,13,"1,102",1,1,0,0,5,0,0.08,0.16,0.08,0.16
81,2019,Ben Chilwell,Leicester City,DF,22,27,27,"2,373",3,3,0,0,3,0,0.11,0.23,0.11,0.23
82,2019,Tahith Chong,Manchester Utd,"FW,MF",19,3,0,37,0,0,0,0,0,0,0.00,0.00,0.00,0.00
83,2019,Hamza Choudhury,Leicester City,MF,21,20,10,893,1,1,0,0,4,1,0.10,0.20,0.10,0.20
84,2019,Andreas Christensen,Chelsea,DF,23,21,21,"1,751",0,0,0,0,5,0,0.00,0.00,0.00,0.00
85,2019,Ciaran Clark,Newcastle Utd,DF,29,14,14,"1,186",2,0,0,0,3,0,0.15,0.15,0.15,0.15
86,2019,Leon Clarke,Sheffield Utd,"FW,MF",34,2,0,35,0,0,0,0,0,0,0.00,0.00,0.00,0.00
87,2019,Tom Cleverley,Watford,MF,29,18,11,971,1,0,0,0,2,0,0.09,0.09,0.09,0.09
88,2019,Conor Coady,Wolves,DF,26,38,38,"3,420",0,0,0,0,5,0,0.00,0.00,0.00,0.00
89,2019,Séamus Coleman,Everton,DF,30,27,21,"1,839",0,1,0,0,5,1,0.00,0.05,0.00,0.05
90,2019,Aaron Connolly,Brighton,FW,19,24,14,"1,258",3,1,0,0,0,0,0.21,0.29,0.21,0.29
91,2019,Lewis Cook,Bournemouth,MF,22,27,14,"1,352",0,0,0,0,5,0,0.00,0.00,0.00,0.00
92,2019,Steve Cook,Bournemouth,DF,28,29,28,"2,428",1,0,0,0,6,1,0.04,0.04,0.04,0.04
93,2019,Jack Cork,Burnley,MF,30,30,30,"2,613",0,0,0,0,1,0,0.00,0.00,0.00,0.00
94,2019,Aaron Cresswell,West Ham,DF,29,31,31,"2,727",3,0,0,0,7,0,0.10,0.10,0.10,0.10
95,2019,Patrick Cutrone,Wolves,FW,21,12,3,297,2,0,0,0,0,0,0.61,0.61,0.61,0.61
96,2019,Diogo Dalot,Manchester Utd,DF,20,4,1,67,0,0,0,0,0,0,0.00,0.00,0.00,0.00
97,2019,Charlie Daniels,Bournemouth,DF,32,2,2,126,0,0,0,0,0,0,0.00,0.00,0.00,0.00
98,2019,Scott Dann,Crystal Palace,DF,32,16,14,"1,266",0,1,0,0,0,0,0.00,0.07,0.00,0.07
99,2019,Kevin Danso,Southampton,DF,20,6,3,277,0,1,0,0,2,1,0.00,0.32,0.00,0.32
100,2019,Ben Davies,Tottenham,DF,26,18,16,"1,431",0,0,0,0,6,0,0.00,0.00,0.00,0.00
101,2019,Tom Davies,Everton,MF,21,30,23,"2,027",1,0,0,0,8,0,0.04,0.04,0.04,0.04
102,2019,Keinan Davis,Aston Villa,FW,21,18,4,548,0,0,0,0,0,0,0.00,0.00,0.00,0.00
103,2019,Craig Dawson,Watford,DF,29,29,26,"2,361",2,0,0,0,6,0,0.08,0.08,0.08,0.08
104,2019,Kevin De Bruyne,Manchester City,MF,28,35,32,"2,791",13,20,2,2,3,0,0.42,1.06,0.35,1.00
105,2019,Troy Deeney,Watford,FW,31,27,26,"2,225",10,2,5,6,3,0,0.40,0.49,0.20,0.28
106,2019,Fabian Delph,Everton,MF,29,16,13,"1,190",0,0,0,0,5,1,0.00,0.00,0.00,0.00
107,2019,Leander Dendoncker,Wolves,"MF,DF",24,38,32,"2,795",4,0,0,0,5,0,0.13,0.13,0.13,0.13
108,2019,Gerard Deulofeu,Watford,FW,25,28,25,"2,098",4,5,1,1,3,0,0.17,0.39,0.13,0.34
109,2019,Eric Dier,Tottenham,"DF,MF",25,19,15,"1,344",0,2,0,0,5,0,0.00,0.13,0.00,0.13
110,2019,Lucas Digne,Everton,DF,26,35,35,"3,030",0,7,0,0,6,0,0.00,0.21,0.00,0.21
111,2019,Virgil van Dijk,Liverpool,DF,28,38,38,"3,420",5,1,0,0,1,0,0.13,0.16,0.13,0.16
112,2019,Issa Diop,West Ham,DF,22,32,31,"2,766",3,1,0,0,8,0,0.10,0.13,0.10,0.13
113,2019,Moussa Djenepo,Southampton,"MF,DF",21,18,10,928,2,2,0,0,4,1,0.19,0.39,0.19,0.39
114,2019,Matt Doherty,Wolves,DF,27,36,32,"2,839",4,3,0,0,1,0,0.13,0.22,0.13,0.22
115,2019,Abdoulaye Doucouré,Watford,MF,26,37,36,"3,156",4,2,0,0,9,0,0.11,0.17,0.11,0.17
116,2019,Thomas Doyle,Manchester City,"MF,FW",17,1,0,16,0,0,0,0,0,0,0.00,0.00,0.00,0.00
117,2019,Danny Drinkwater,Aston Villa,MF,29,4,4,259,0,0,0,0,1,0,0.00,0.00,0.00,0.00
118,2019,Danny Drinkwater,Burnley,MF,29,1,1,58,0,0,0,0,0,0,0.00,0.00,0.00,0.00
119,2019,Josip Drmić,Norwich City,"FW,MF",26,21,5,647,1,0,0,0,0,1,0.14,0.14,0.14,0.14
120,2019,Martin Dúbravka,Newcastle Utd,GK,30,38,38,"3,420",0,0,0,0,0,0,0.00,0.00,0.00,0.00
121,2019,Ondrej Duda,Norwich City,MF,24,10,9,724,0,0,0,0,0,0,0.00,0.00,0.00,0.00
122,2019,Shane Duffy,Brighton,DF,27,19,12,"1,238",1,0,0,0,2,0,0.07,0.07,0.07,0.07
123,2019,Paul Dummett,Newcastle Utd,DF,27,16,14,"1,228",0,0,0,0,2,0,0.00,0.00,0.00,0.00
124,2019,Lewis Dunk,Brighton,DF,27,36,36,"3,230",3,3,0,0,9,0,0.08,0.17,0.08,0.17
125,2019,Ederson,Manchester City,GK,25,35,35,"3,071",0,0,0,0,3,1,0.00,0.00,0.00,0.00
126,2019,John Egan,Sheffield Utd,DF,26,36,36,"3,187",2,0,0,0,5,1,0.06,0.06,0.06,0.06
127,2019,Harvey Elliot,Liverpool,DF,16,2,0,8,0,0,0,0,0,0,0.00,0.00,0.00,0.00
128,2019,Ahmed Elmohamady,Aston Villa,DF,31,18,11,"1,031",1,1,0,0,1,0,0.09,0.17,0.09,0.17
129,2019,Björn Engels,Aston Villa,DF,24,17,15,"1,447",1,0,0,0,1,0,0.06,0.06,0.06,0.06
130,2019,Christian Eriksen,Tottenham,"MF,FW",27,20,10,"1,097",2,2,0,0,5,0,0.16,0.33,0.16,0.33
131,2019,Jonny Evans,Leicester City,DF,31,38,38,"3,383",1,1,0,0,8,1,0.03,0.05,0.03,0.05
132,2019,Łukasz Fabiański,West Ham,GK,34,25,25,"2,117",0,0,0,0,1,0,0.00,0.00,0.00,0.00
133,2019,Fabinho,Liverpool,MF,25,28,22,"2,079",2,3,0,0,6,0,0.09,0.22,0.09,0.22
134,2019,Ralf Fährmann,Norwich City,GK,30,1,1,21,0,0,0,0,0,0,0.00,0.00,0.00,0.00
135,2019,Akin Famewo,Norwich City,MF,20,1,0,1,0,0,0,0,0,0,0.00,0.00,0.00,0.00
136,2019,Kiko Femenía,Watford,DF,28,28,26,"2,237",0,0,0,0,5,0,0.00,0.00,0.00,0.00
137,2019,Bruno Fernandes,Manchester Utd,MF,24,14,14,"1,186",8,7,4,4,2,0,0.61,1.14,0.30,0.83
138,2019,Gedson Fernandes,Tottenham,"MF,DF",20,7,0,68,0,0,0,0,0,0,0.00,0.00,0.00,0.00
139,2019,Federico Fernández,Newcastle Utd,DF,30,32,29,"2,620",2,2,0,0,8,0,0.07,0.14,0.07,0.14
140,2019,Fernandinho,Manchester City,DF,34,30,26,"2,397",0,1,0,0,9,2,0.00,0.04,0.00,0.04
141,2019,Roberto Firmino,Liverpool,FW,27,38,34,"2,988",9,8,0,0,0,0,0.27,0.51,0.27,0.51
142,2019,John Fleck,Sheffield Utd,MF,27,30,28,"2,516",5,2,0,0,8,0,0.18,0.25,0.18,0.25
143,2019,Phil Foden,Manchester City,"FW,MF",19,23,9,901,5,2,0,0,0,0,0.50,0.70,0.50,0.70
144,2019,Pablo Fornals,West Ham,"MF,FW",23,36,24,"2,172",2,5,0,0,3,0,0.08,0.29,0.08,0.29
145,2019,Ben Foster,Watford,GK,36,38,38,"3,420",0,0,0,0,1,0,0.00,0.00,0.00,0.00
146,2019,Timothy Fosu-Mensah,Manchester Utd,DF,21,3,2,136,0,0,0,0,1,0,0.00,0.00,0.00,0.00
147,2019,Dimitri Foulquier,Watford,"MF,DF",26,3,1,59,0,0,0,0,0,0,0.00,0.00,0.00,0.00
148,2019,Juan Foyth,Tottenham,DF,21,4,1,68,0,0,0,0,1,0,0.00,0.00,0.00,0.00
149,2019,Simon Francis,Bournemouth,DF,34,15,10,969,0,0,0,0,5,1,0.00,0.00,0.00,0.00
150,2019,Ryan Fraser,Bournemouth,"MF,FW",25,28,21,"2,067",1,4,0,0,2,0,0.04,0.22,0.04,0.22
151,2019,Fred,Manchester Utd,MF,26,29,23,"2,163",0,0,0,0,8,0,0.00,0.00,0.00,0.00
152,2019,Ryan Fredericks,West Ham,DF,26,27,25,"2,237",0,3,0,0,7,0,0.00,0.12,0.00,0.12
153,2019,Kieron Freeman,Sheffield Utd,FW,27,2,0,7,0,0,0,0,0,0,0.00,0.00,0.00,0.00
154,2019,Luke Freeman,Sheffield Utd,MF,27,11,3,366,0,0,0,0,2,0,0.00,0.00,0.00,0.00
155,2019,Christian Fuchs,Leicester City,DF,33,11,8,772,0,0,0,0,0,0,0.00,0.00,0.00,0.00
156,2019,Eric García,Manchester City,DF,18,13,8,793,0,0,0,0,1,0,0.00,0.00,0.00,0.00
157,2019,James Garner,Manchester Utd,MF,18,1,0,9,0,0,0,0,0,0,0.00,0.00,0.00,0.00
158,2019,Dwight Gayle,Newcastle Utd,FW,28,20,10,850,4,2,0,0,2,0,0.42,0.64,0.42,0.64
159,2019,Paulo Gazzaniga,Tottenham,GK,27,18,17,"1,613",0,0,0,0,1,0,0.00,0.00,0.00,0.00
160,2019,Jean-Philippe Gbamin,Everton,MF,23,2,1,136,0,0,0,0,0,0,0.00,0.00,0.00,0.00
161,2019,David de Gea,Manchester Utd,GK,28,38,38,"3,420",0,0,0,0,2,0,0.00,0.00,0.00,0.00
162,2019,Anwar El Ghazi,Aston Villa,"FW,MF",24,34,26,"2,051",4,4,1,1,3,0,0.18,0.35,0.13,0.31
163,2019,Morgan Gibbs-White,Wolves,"MF,FW",19,7,1,129,0,0,0,0,0,0,0.00,0.00,0.00,0.00
164,2019,Billy Gilmour,Chelsea,MF,18,6,2,194,0,0,0,0,0,0,0.00,0.00,0.00,0.00
165,2019,Olivier Giroud,Chelsea,FW,32,18,12,993,8,0,0,0,1,0,0.73,0.73,0.73,0.73
166,2019,Ben Godfrey,Norwich City,DF,21,30,30,"2,644",0,0,0,0,3,1,0.00,0.00,0.00,0.00
167,2019,André Gomes,Everton,MF,26,19,17,"1,458",0,1,0,0,6,0,0.00,0.06,0.00,0.06
168,2019,Angel Gomes,Manchester Utd,MF,18,2,0,21,0,0,0,0,0,0,0.00,0.00,0.00,0.00
169,2019,Joe Gomez,Liverpool,DF,22,28,22,"2,004",0,0,0,0,7,0,0.00,0.00,0.00,0.00
170,2019,Anthony Gordon,Everton,"MF,FW",18,11,4,440,0,1,0,0,0,0,0.00,0.20,0.00,0.20
171,2019,Dan Gosling,Bournemouth,MF,29,24,14,"1,264",3,1,0,0,3,0,0.21,0.28,0.21,0.28
172,2019,Andre Gray,Watford,FW,28,23,7,755,2,0,0,0,1,0,0.24,0.24,0.24,0.24
173,2019,Demarai Gray,Leicester City,"MF,FW",23,21,3,622,2,3,0,1,1,0,0.29,0.72,0.29,0.72
174,2019,Jack Grealish,Aston Villa,"FW,MF",23,36,36,"3,233",8,6,0,1,8,0,0.22,0.39,0.22,0.39
175,2019,Mason Greenwood,Manchester Utd,FW,17,31,12,"1,320",10,1,0,0,0,0,0.68,0.75,0.68,0.75
176,2019,Arnaut Groeneveld,Bournemouth,MF,22,14,6,630,0,0,0,0,0,0,0.00,0.00,0.00,0.00
177,2019,Pascal Groß,Brighton,"FW,MF",28,29,22,"1,796",2,4,0,0,4,0,0.10,0.30,0.10,0.30
178,2019,Vicente Guaita,Crystal Palace,GK,32,35,35,"3,150",0,0,0,0,1,0,0.00,0.00,0.00,0.00
179,2019,Mattéo Guendouzi,Arsenal,MF,20,24,19,"1,748",0,1,0,0,6,0,0.00,0.05,0.00,0.05
180,2019,Frederic Guilbert,Aston Villa,DF,24,25,22,"2,041",0,2,0,0,7,0,0.00,0.09,0.00,0.09
181,2019,İlkay Gündoğan,Manchester City,MF,28,31,21,"2,020",2,1,1,2,7,0,0.09,0.13,0.04,0.09
182,2019,Angus Gunn,Southampton,GK,23,10,10,900,0,0,0,0,0,0,0.00,0.00,0.00,0.00
183,2019,Sébastien Haller,West Ham,FW,25,32,24,"2,266",7,1,0,0,1,0,0.28,0.32,0.28,0.32
184,2019,Grant Hanley,Norwich City,DF,27,15,14,"1,262",0,0,0,0,4,0,0.00,0.00,0.00,0.00
185,2019,Kortney Hause,Aston Villa,DF,24,18,17,"1,545",1,0,0,0,3,0,0.06,0.06,0.06,0.06
186,2019,Isaac Hayden,Newcastle Utd,MF,24,29,26,"2,223",1,2,0,0,4,1,0.04,0.12,0.04,0.12
187,2019,Tom Heaton,Aston Villa,GK,33,20,20,"1,794",0,0,0,0,0,0,0.00,0.00,0.00,0.00
188,2019,Dean Henderson,Sheffield Utd,GK,22,36,36,"3,240",0,0,0,0,2,0,0.00,0.00,0.00,0.00
189,2019,Jordan Henderson,Liverpool,MF,29,30,26,"2,238",4,5,0,0,2,0,0.16,0.36,0.16,0.36
190,2019,Jeff Hendrick,Burnley,MF,27,24,22,"1,931",2,2,0,0,8,0,0.09,0.19,0.09,0.19
191,2019,Wayne Hennessey,Crystal Palace,GK,32,3,3,270,0,0,0,0,0,0,0.00,0.00,0.00,0.00
192,2019,Javier Hernández,West Ham,FW,31,2,1,107,1,0,0,0,0,0,0.84,0.84,0.84,0.84
193,2019,Onel Hernández,Norwich City,"FW,MF",26,26,14,"1,384",1,2,0,0,0,0,0.07,0.20,0.07,0.20
194,2019,Son Heung-min,Tottenham,"FW,MF",27,30,28,"2,476",11,10,0,1,0,2,0.40,0.76,0.40,0.76
195,2019,George Hirst,Leicester City,FW,20,2,0,11,0,0,0,0,0,0,0.00,0.00,0.00,0.00
196,2019,Rob Holding,Arsenal,DF,23,8,6,581,0,0,0,0,1,0,0.00,0.00,0.00,0.00
197,2019,José Holebas,Watford,DF,35,14,11,"1,025",0,0,0,0,5,0,0.00,0.00,0.00,0.00
198,2019,Mason Holgate,Everton,DF,22,27,24,"2,054",0,3,0,0,5,0,0.00,0.13,0.00,0.13
199,2019,Nathan Holland,West Ham,MF,21,2,0,33,0,0,0,0,0,0,0.00,0.00,0.00,0.00
200,2019,Conor Hourihane,Aston Villa,MF,28,27,18,"1,534",3,5,0,0,4,0,0.18,0.47,0.18,0.47
201,2019,Callum Hudson-Odoi,Chelsea,FW,18,22,7,863,1,5,0,0,1,0,0.10,0.63,0.10,0.63
202,2019,Will Hughes,Watford,"MF,FW",24,30,27,"2,252",1,1,0,0,9,0,0.04,0.08,0.04,0.08
203,2019,Pierre Højbjerg,Southampton,MF,23,33,30,"2,752",0,1,0,0,5,0,0.00,0.03,0.00,0.03
204,2019,Jordon Ibe,Bournemouth,DF,23,2,0,50,0,0,0,0,0,0,0.00,0.00,0.00,0.00
205,2019,Adam Idah,Norwich City,"FW,MF",18,12,1,228,0,0,0,0,0,0,0.00,0.00,0.00,0.00
206,2019,Odion Ighalo,Manchester Utd,FW,30,11,0,101,0,0,0,0,0,0,0.00,0.00,0.00,0.00
207,2019,Kelechi Iheanacho,Leicester City,FW,22,20,12,960,5,3,0,0,1,0,0.47,0.75,0.47,0.75
208,2019,Danny Ings,Southampton,FW,27,38,32,"2,804",22,2,1,2,3,0,0.71,0.77,0.67,0.74
209,2019,Alex Iwobi,Everton,"MF,FW",23,25,19,"1,596",1,0,0,0,0,0,0.06,0.06,0.06,0.06
210,2019,Phil Jagielka,Sheffield Utd,DF,36,6,2,244,0,0,0,0,0,0,0.00,0.00,0.00,0.00
211,2019,Alireza Jahanbakhsh,Brighton,"FW,MF",25,10,3,311,2,0,0,0,0,0,0.58,0.58,0.58,0.58
212,2019,Daniel James,Manchester Utd,FW,21,33,26,"2,287",3,6,0,0,4,0,0.12,0.35,0.12,0.35
213,2019,Matty James,Leicester City,MF,28,1,0,6,0,0,0,0,0,0,0.00,0.00,0.00,0.00
214,2019,Reece James,Chelsea,DF,19,24,16,"1,515",0,2,0,0,1,0,0.00,0.12,0.00,0.12
215,2019,Daryl Janmaat,Watford,DF,30,8,7,607,0,1,0,0,1,0,0.00,0.15,0.00,0.15
216,2019,Gabriel Jesus,Manchester City,FW,22,34,21,"2,030",14,7,0,1,3,0,0.62,0.93,0.62,0.93
217,2019,Raúl Jiménez,Wolves,FW,28,38,37,"3,236",17,6,4,4,3,0,0.47,0.64,0.36,0.53
218,2019,Joelinton,Newcastle Utd,FW,22,38,32,"2,683",2,2,0,0,7,0,0.07,0.13,0.07,0.13
219,2019,Ben Johnson,West Ham,DF,19,3,3,270,0,0,0,0,0,0,0.00,0.00,0.00,0.00
220,2019,Curtis Jones,Liverpool,MF,18,6,1,126,1,0,0,0,0,0,0.71,0.71,0.71,0.71
221,2019,Phil Jones,Manchester Utd,DF,27,2,2,135,0,0,0,0,0,0,0.00,0.00,0.00,0.00
222,2019,Bruno Jordão,Wolves,FW,20,1,0,7,0,0,0,0,0,0,0.00,0.00,0.00,0.00
223,2019,Jorginho,Chelsea,MF,27,31,27,"2,379",4,2,3,3,10,0,0.15,0.23,0.04,0.11
224,2019,Jota,Aston Villa,"FW,MF",28,10,4,335,0,1,0,0,0,0,0.00,0.27,0.00,0.27
225,2019,Diogo Jota,Wolves,"FW,MF",22,34,27,"2,284",7,1,0,0,4,0,0.28,0.32,0.28,0.32
226,2019,James Justin,Leicester City,DF,21,13,11,"1,012",0,1,0,0,1,0,0.00,0.09,0.00,0.09
227,2019,Christian Kabasele,Watford,DF,28,27,26,"2,250",0,2,0,0,3,2,0.00,0.08,0.00,0.08
228,2019,Harry Kane,Tottenham,FW,26,29,29,"2,587",18,2,2,2,4,0,0.63,0.70,0.56,0.63
229,2019,N'Golo Kanté,Chelsea,MF,28,22,20,"1,732",3,0,0,0,4,0,0.16,0.16,0.16,0.16
230,2019,Moise Kean,Everton,FW,19,29,6,852,2,2,0,0,1,0,0.21,0.42,0.21,0.42
231,2019,Michael Keane,Everton,DF,26,31,28,"2,559",2,0,0,0,3,0,0.07,0.07,0.07,0.07
232,2019,Naby Keïta,Liverpool,MF,24,18,9,815,2,3,0,0,1,0,0.22,0.55,0.22,0.55
233,2019,Lloyd Kelly,Bournemouth,DF,20,8,7,639,0,0,0,0,2,0,0.00,0.00,0.00,0.00
234,2019,Martin Kelly,Crystal Palace,DF,29,19,17,"1,549",0,1,0,0,0,0,0.00,0.06,0.00,0.06
235,2019,Max Kilman,Wolves,DF,22,3,2,185,0,0,0,0,0,0,0.00,0.00,0.00,0.00
236,2019,Joshua King,Bournemouth,"FW,MF",27,26,24,"2,011",6,4,3,3,0,0,0.27,0.45,0.13,0.31
237,2019,Timm Klose,Norwich City,DF,31,7,7,585,0,0,0,0,0,0,0.00,0.00,0.00,0.00
238,2019,Jonathan Kodjia,Aston Villa,"FW,MF",29,6,0,117,0,0,0,0,1,0,0.00,0.00,0.00,0.00
239,2019,Sead Kolašinac,Arsenal,DF,26,26,19,"1,701",0,2,0,0,4,0,0.00,0.11,0.00,0.11
240,2019,Ezri Konsa,Aston Villa,DF,21,25,24,"2,039",1,2,0,0,3,0,0.04,0.13,0.04,0.13
241,2019,Cheikhou Kouyaté,Crystal Palace,"MF,DF",29,35,29,"2,528",1,1,0,0,4,0,0.04,0.07,0.04,0.07
242,2019,Mateo Kovačić,Chelsea,MF,25,31,23,"2,073",1,3,0,0,8,0,0.04,0.17,0.04,0.17
243,2019,Emil Krafth,Newcastle Utd,DF,24,17,11,"1,020",0,1,0,0,0,0,0.00,0.09,0.00,0.09
244,2019,Tim Krul,Norwich City,GK,31,36,36,"3,240",0,0,0,0,4,0,0.00,0.00,0.00,0.00
245,2019,Alexandre Lacazette,Arsenal,FW,28,30,22,"1,874",10,4,0,0,8,0,0.48,0.67,0.48,0.67
246,2019,Adam Lallana,Liverpool,"MF,FW",31,15,3,382,1,1,0,0,1,0,0.24,0.47,0.24,0.47
247,2019,Érik Lamela,Tottenham,"MF,FW",27,25,12,"1,215",2,1,0,0,3,0,0.15,0.22,0.15,0.22
248,2019,Tariq Lamptey,Brighton,DF,18,8,7,588,0,1,0,0,2,0,0.00,0.15,0.00,0.15
249,2019,Tariq Lamptey,Chelsea,DF,18,1,0,32,0,0,0,0,0,0,0.00,0.00,0.00,0.00
250,2019,Henri Lansbury,Aston Villa,MF,28,10,2,195,0,0,0,0,0,0,0.00,0.00,0.00,0.00
251,2019,Manuel Lanzini,West Ham,"MF,FW",26,24,14,"1,379",0,2,0,0,1,0,0.00,0.13,0.00,0.13
252,2019,Aymeric Laporte,Manchester City,DF,25,15,14,"1,097",1,0,0,0,1,0,0.08,0.08,0.08,0.08
253,2019,Jamaal Lascelles,Newcastle Utd,DF,25,24,24,"2,076",1,0,0,0,5,0,0.04,0.04,0.04,0.04
254,2019,Valentino Lazaro,Newcastle Utd,"DF,MF",23,13,4,480,1,0,0,0,0,1,0.19,0.19,0.19,0.19
255,2019,Moritz Leitner,Norwich City,MF,26,9,7,685,0,0,0,0,1,0,0.00,0.00,0.00,0.00
256,2019,Florian Lejeune,Newcastle Utd,DF,28,6,4,442,2,0,0,0,0,0,0.41,0.41,0.41,0.41
257,2019,Aaron Lennon,Burnley,MF,32,16,4,496,0,0,0,0,4,0,0.00,0.00,0.00,0.00
258,2019,Bernd Leno,Arsenal,GK,27,30,30,"2,649",0,0,0,0,2,0,0.00,0.00,0.00,0.00
259,2019,Jefferson Lerma,Bournemouth,MF,24,33,31,"2,703",1,2,0,0,13,1,0.03,0.10,0.03,0.10
260,2019,Jamal Lewis,Norwich City,DF,21,28,25,"2,304",1,0,0,0,4,0,0.04,0.04,0.04,0.04
261,2019,Victor Lindelöf,Manchester Utd,DF,25,35,35,"3,092",1,0,0,0,6,0,0.03,0.03,0.03,0.03
262,2019,Jesse Lingard,Manchester Utd,"MF,FW",26,22,9,935,1,0,0,0,3,0,0.10,0.10,0.10,0.10
263,2019,Hugo Lloris,Tottenham,GK,32,21,21,"1,807",0,0,0,0,0,0,0.00,0.00,0.00,0.00
264,2019,Giovani Lo Celso,Tottenham,"MF,FW",23,28,15,"1,492",0,2,0,0,6,0,0.00,0.12,0.00,0.12
265,2019,Jürgen Locadia,Brighton,"MF,FW",25,2,1,86,0,0,0,0,0,0,0.00,0.00,0.00,0.00
266,2019,Ruben Loftus-Cheek,Chelsea,"MF,FW",23,7,2,208,0,1,0,0,0,0,0.00,0.43,0.00,0.43
267,2019,Kevin Long,Burnley,DF,28,8,6,564,0,0,0,0,0,0,0.00,0.00,0.00,0.00
268,2019,Shane Long,Southampton,FW,32,26,15,"1,395",2,2,0,0,0,0,0.13,0.26,0.13,0.26
269,2019,Matthew Longstaff,Newcastle Utd,MF,19,9,6,575,2,0,0,0,1,0,0.31,0.31,0.31,0.31
270,2019,Sean Longstaff,Newcastle Utd,MF,21,23,14,"1,378",1,1,0,0,2,1,0.07,0.13,0.07,0.13
271,2019,Dejan Lovren,Liverpool,DF,30,10,9,777,0,1,0,0,1,0,0.00,0.12,0.00,0.12
272,2019,Matthew Lowton,Burnley,DF,30,17,17,"1,530",0,1,0,0,2,0,0.00,0.06,0.00,0.06
273,2019,David Luiz,Arsenal,DF,32,33,32,"2,809",2,1,0,0,5,2,0.06,0.10,0.06,0.10
274,2019,Douglas Luiz,Aston Villa,MF,21,36,28,"2,612",3,2,0,0,8,0,0.10,0.17,0.10,0.17
275,2019,John Lundstram,Sheffield Utd,MF,25,34,26,"2,458",5,3,0,0,5,0,0.18,0.29,0.18,0.29
276,2019,Alexis Mac Allister,Brighton,"MF,FW",20,9,4,352,0,0,0,0,0,0,0.00,0.00,0.00,0.00
277,2019,James Maddison,Leicester City,MF,22,31,29,"2,624",6,3,0,0,4,0,0.21,0.31,0.21,0.31
278,2019,Harry Maguire,Manchester Utd,DF,26,38,38,"3,420",1,1,0,0,6,0,0.03,0.05,0.03,0.05
279,2019,Riyad Mahrez,Manchester City,FW,28,33,21,"1,944",11,9,1,1,0,0,0.51,0.93,0.46,0.88
280,2019,Ainsley Maitland-Niles,Arsenal,DF,21,20,15,"1,386",0,2,0,0,6,1,0.00,0.13,0.00,0.13
281,2019,Sadio Mané,Liverpool,FW,27,35,31,"2,747",18,7,0,0,3,0,0.59,0.82,0.59,0.82
282,2019,Javier Manquillo,Newcastle Utd,DF,25,21,18,"1,599",0,1,0,0,5,0,0.00,0.06,0.00,0.06
283,2019,Solly March,Brighton,"DF,FW",25,19,11,"1,143",0,1,0,0,2,0,0.00,0.08,0.00,0.08
284,2019,Pablo Marí,Arsenal,DF,25,2,2,113,0,0,0,0,0,0,0.00,0.00,0.00,0.00
285,2019,Adrian Mariappa,Watford,DF,32,20,15,"1,513",0,0,0,0,6,1,0.00,0.00,0.00,0.00
286,2019,Anthony Martial,Manchester Utd,FW,23,32,31,"2,624",17,6,0,1,1,0,0.58,0.79,0.58,0.79
287,2019,David Martin,West Ham,GK,33,5,4,436,0,0,0,0,1,0,0.00,0.00,0.00,0.00
288,2019,Josh Martin,Norwich City,FW,17,5,0,37,0,0,0,0,0,0,0.00,0.00,0.00,0.00
289,2019,Martinelli,Arsenal,FW,18,14,6,663,3,0,0,0,1,0,0.41,0.41,0.41,0.41
290,2019,Emiliano Martínez,Arsenal,GK,26,9,8,771,0,0,0,0,2,0,0.00,0.00,0.00,0.00
291,2019,Adam Masina,Watford,DF,25,26,20,"1,821",1,0,0,0,3,0,0.05,0.05,0.05,0.05
292,2019,Arthur Masuaku,West Ham,DF,25,17,10,937,0,1,0,0,6,1,0.00,0.10,0.00,0.10
293,2019,Juan Mata,Manchester Utd,"MF,FW",31,19,8,758,0,2,0,0,1,0,0.00,0.24,0.00,0.24
294,2019,Nemanja Matić,Manchester Utd,MF,30,21,18,"1,581",0,2,0,0,3,0,0.00,0.11,0.00,0.11
295,2019,Joël Matip,Liverpool,DF,27,9,8,703,1,0,0,0,0,0,0.13,0.13,0.13,0.13
296,2019,Neal Maupay,Brighton,FW,22,37,30,"2,766",10,3,1,2,3,0,0.33,0.42,0.29,0.39
297,2019,James McArthur,Crystal Palace,MF,31,37,37,"3,090",0,3,0,0,6,0,0.00,0.09,0.00,0.09
298,2019,Oliver McBurnie,Sheffield Utd,FW,23,36,24,"2,113",6,0,0,0,4,0,0.26,0.26,0.26,0.26
299,2019,Alex McCarthy,Southampton,GK,29,28,28,"2,520",0,0,0,0,0,0,0.00,0.00,0.00,0.00
300,2019,James McCarthy,Crystal Palace,MF,28,33,16,"1,680",0,0,0,0,9,0,0.00,0.00,0.00,0.00
301,2019,John McGinn,Aston Villa,MF,24,28,27,"2,312",3,3,0,0,3,0,0.12,0.23,0.12,0.23
302,2019,David McGoldrick,Sheffield Utd,FW,31,28,22,"1,815",2,2,0,0,2,0,0.10,0.20,0.10,0.20
303,2019,Michael McGovern,Norwich City,GK,35,2,1,159,0,0,0,0,0,0,0.00,0.00,0.00,0.00
304,2019,Kenny McLean,Norwich City,MF,27,37,32,"2,968",1,1,0,0,5,0,0.03,0.06,0.03,0.06
305,2019,Dwight McNeil,Burnley,MF,19,38,38,"3,338",2,6,0,0,5,0,0.05,0.22,0.05,0.22
306,2019,Scott McTominay,Manchester Utd,MF,22,27,20,"1,772",4,1,0,0,2,0,0.20,0.25,0.20,0.25
307,2019,Ben Mee,Burnley,DF,29,32,32,"2,880",1,1,0,0,7,0,0.03,0.06,0.03,0.06
308,2019,Benjamin Mendy,Manchester City,DF,25,19,18,"1,492",0,2,0,0,3,0,0.00,0.12,0.00,0.12
309,2019,Nampalys Mendy,Leicester City,MF,27,7,4,291,0,0,0,0,0,0,0.00,0.00,0.00,0.00
310,2019,Chris Mepham,Bournemouth,DF,21,12,10,912,1,0,0,0,1,0,0.10,0.10,0.10,0.10
311,2019,Max Meyer,Crystal Palace,"MF,FW",23,17,6,655,0,0,0,0,1,0,0.00,0.00,0.00,0.00
312,2019,Luka Milivojević,Crystal Palace,MF,28,31,28,"2,513",3,1,2,2,12,0,0.11,0.14,0.04,0.07
313,2019,James Milner,Liverpool,"MF,DF",33,22,9,937,2,2,2,2,4,0,0.19,0.38,0.00,0.19
314,2019,Yerry Mina,Everton,DF,24,29,25,"2,284",2,1,0,0,3,0,0.08,0.12,0.08,0.12
315,2019,Takumi Minamino,Liverpool,"FW,MF",24,10,2,249,0,0,0,0,0,0,0.00,0.00,0.00,0.00
316,2019,Tyrone Mings,Aston Villa,DF,26,33,33,"2,902",2,2,0,0,7,0,0.06,0.12,0.06,0.12
317,2019,Tyrick Mitchell,Crystal Palace,DF,19,4,2,195,0,0,0,0,1,0,0.00,0.00,0.00,0.00
318,2019,Henrikh Mkhitaryan,Arsenal,FW,30,3,1,112,0,0,0,0,1,0,0.00,0.00,0.00,0.00
319,2019,Nacho Monreal,Arsenal,DF,33,3,3,270,0,0,0,0,0,0,0.00,0.00,0.00,0.00
320,2019,Martín Montoya,Brighton,DF,28,27,23,"1,896",0,1,0,0,5,0,0.00,0.05,0.00,0.05
321,2019,Simon Moore,Sheffield Utd,GK,29,2,2,180,0,0,0,0,0,0,0.00,0.00,0.00,0.00
322,2019,Aaron Mooy,Brighton,"MF,FW",28,31,25,"2,085",2,2,0,0,3,1,0.09,0.17,0.09,0.17
323,2019,Wesley Moraes,Aston Villa,FW,22,21,21,"1,782",5,1,0,1,3,0,0.25,0.30,0.25,0.30
324,2019,Wes Morgan,Leicester City,DF,35,11,4,436,0,0,0,0,0,0,0.00,0.00,0.00,0.00
325,2019,Ravel Morrison,Sheffield Utd,MF,26,1,0,13,0,0,0,0,0,0,0.00,0.00,0.00,0.00
326,2019,Mason Mount,Chelsea,"MF,FW",20,37,32,"2,867",7,5,0,0,3,0,0.22,0.38,0.22,0.38
327,2019,Lucas Moura,Tottenham,"FW,MF",26,35,25,"2,242",4,4,0,0,3,0,0.16,0.32,0.16,0.32
328,2019,Lys Mousset,Sheffield Utd,FW,23,30,11,"1,240",6,4,0,0,1,0,0.44,0.73,0.44,0.73
329,2019,João Moutinho,Wolves,MF,32,38,34,"3,108",1,6,0,0,7,0,0.03,0.20,0.03,0.20
330,2019,Glenn Murray,Brighton,FW,35,23,7,797,1,1,0,0,0,0,0.11,0.23,0.11,0.23
331,2019,Shkodran Mustafi,Arsenal,DF,27,15,13,"1,207",0,1,0,0,2,0,0.00,0.07,0.00,0.07
332,2019,Yoshinori Mutō,Newcastle Utd,"FW,MF",27,8,2,212,0,0,0,0,0,0,0.00,0.00,0.00,0.00
333,2019,Georges-Kévin N'Koudou,Tottenham,FW,24,1,0,3,0,0,0,0,0,0,0.00,0.00,0.00,0.00
334,2019,Marvelous Nakamba,Aston Villa,MF,25,29,19,"1,836",0,0,0,0,5,0,0.00,0.00,0.00,0.00
335,2019,Wilfred Ndidi,Leicester City,MF,22,32,29,"2,674",2,1,0,0,6,0,0.07,0.10,0.07,0.10
336,2019,Tanguy Ndombele,Tottenham,MF,22,21,12,"1,009",2,2,0,0,3,0,0.18,0.36,0.18,0.36
337,2019,Reiss Nelson,Arsenal,FW,19,17,7,631,1,0,0,0,1,0,0.14,0.14,0.14,0.14
338,2019,Pedro Neto,Wolves,"FW,MF",19,29,9,939,3,3,0,0,3,0,0.29,0.58,0.29,0.58
339,2019,Rúben Neves,Wolves,MF,22,38,35,"3,056",2,2,0,0,9,0,0.06,0.12,0.06,0.12
340,2019,Jeremy Ngakia,West Ham,DF,18,5,5,440,0,0,0,0,0,0,0.00,0.00,0.00,0.00
341,2019,Oumar Niasse,Everton,FW,29,3,0,22,0,0,0,0,0,0,0.00,0.00,0.00,0.00
342,2019,Eddie Nketiah,Arsenal,FW,20,13,7,633,2,0,0,0,0,1,0.28,0.28,0.28,0.28
343,2019,Mark Noble,West Ham,MF,32,33,32,"2,674",4,3,3,3,5,0,0.13,0.24,0.03,0.13
344,2019,Oliver Norwood,Sheffield Utd,MF,28,38,37,"3,090",1,1,1,1,8,0,0.03,0.06,0.00,0.03
345,2019,Ørjan Nyland,Aston Villa,GK,28,7,5,539,0,0,0,0,0,0,0.00,0.00,0.00,0.00
346,2019,Jack O'Connell,Sheffield Utd,DF,25,33,32,"2,916",0,1,0,0,4,0,0.00,0.03,0.00,0.03
347,2019,Michael Obafemi,Southampton,FW,19,21,8,665,3,2,0,0,1,0,0.41,0.68,0.41,0.68
348,2019,Angelo Ogbonna,West Ham,DF,31,31,31,"2,786",2,0,0,0,4,0,0.06,0.06,0.06,0.06
349,2019,Divock Origi,Liverpool,FW,24,28,7,717,4,1,0,0,1,0,0.50,0.63,0.50,0.63
350,2019,Ben Osborn,Sheffield Utd,"MF,DF",24,13,6,594,0,0,0,0,0,0,0.00,0.00,0.00,0.00
351,2019,Nicolás Otamendi,Manchester City,DF,31,24,18,"1,715",2,0,0,0,3,0,0.10,0.10,0.10,0.10
352,2019,Alex Oxlade-Chamberlain,Liverpool,"MF,FW",25,30,17,"1,485",4,1,0,0,1,0,0.24,0.30,0.24,0.30
353,2019,Mesut Özil,Arsenal,MF,30,18,18,"1,438",1,2,0,0,1,0,0.06,0.19,0.06,0.19
354,2019,Emerson Palmieri,Chelsea,DF,24,15,13,"1,024",0,0,0,0,3,0,0.00,0.00,0.00,0.00
355,2019,Sokratis Papastathopoulos,Arsenal,DF,31,19,19,"1,696",2,0,0,0,6,0,0.11,0.11,0.11,0.11
356,2019,Troy Parrott,Tottenham,MF,17,2,0,7,0,0,0,0,0,0,0.00,0.00,0.00,0.00
357,2019,Rui Patrício,Wolves,GK,31,38,38,"3,420",0,0,0,0,0,0,0.00,0.00,0.00,0.00
358,2019,Pedro,Chelsea,FW,32,11,8,661,1,1,0,0,1,0,0.14,0.27,0.14,0.27
359,2019,João Pedro,Watford,"FW,MF",17,3,0,25,0,0,0,0,0,0,0.00,0.00,0.00,0.00
360,2019,Nicolas Pépé,Arsenal,FW,24,31,22,"2,010",5,6,1,1,4,0,0.22,0.49,0.18,0.45
361,2019,Andreas Pereira,Manchester Utd,"MF,FW",23,25,18,"1,484",1,3,0,0,3,0,0.06,0.24,0.06,0.24
362,2019,Ricardo Pereira,Leicester City,DF,25,28,28,"2,520",3,2,0,0,1,0,0.11,0.18,0.11,0.18
363,2019,Roberto Pereyra,Watford,"FW,MF",28,28,17,"1,648",3,0,1,1,4,0,0.16,0.16,0.11,0.11
364,2019,Ayoze Pérez,Leicester City,"MF,FW",26,33,26,"2,004",8,4,1,1,0,0,0.36,0.54,0.31,0.49
365,2019,Jordan Pickford,Everton,GK,25,38,38,"3,420",0,0,0,0,2,0,0.00,0.00,0.00,0.00
366,2019,Brandon Pierrick,Crystal Palace,"DF,FW",17,2,0,15,0,0,0,0,0,0,0.00,0.00,0.00,0.00
367,2019,Erik Pieters,Burnley,"DF,MF",30,24,21,"1,878",0,4,0,0,2,0,0.00,0.19,0.00,0.19
368,2019,Daniel Podence,Wolves,"FW,MF",23,9,3,289,1,0,0,0,0,0,0.31,0.31,0.31,0.31
369,2019,Paul Pogba,Manchester Utd,MF,26,16,13,"1,204",1,3,0,1,1,0,0.07,0.30,0.07,0.30
370,2019,Nick Pope,Burnley,GK,27,38,38,"3,420",0,0,0,0,1,0,0.00,0.00,0.00,0.00
371,2019,Dennis Praet,Leicester City,MF,25,27,12,"1,134",1,2,0,0,2,0,0.08,0.24,0.08,0.24
372,2019,Sebastian Prödl,Watford,DF,32,1,1,56,0,0,0,0,0,0,0.00,0.00,0.00,0.00
373,2019,Davy Pröpper,Brighton,MF,27,35,32,"2,829",1,2,0,0,4,0,0.03,0.10,0.03,0.10
374,2019,Teemu Pukki,Norwich City,FW,29,36,33,"2,886",11,3,2,2,3,0,0.34,0.44,0.28,0.37
375,2019,Christian Pulisic,Chelsea,FW,20,25,19,"1,722",9,4,0,0,0,0,0.47,0.68,0.47,0.68
376,2019,Ignacio Pussetto,Watford,"FW,DF",23,7,0,74,0,0,0,0,1,0,0.00,0.00,0.00,0.00
377,2019,Domingos Quina,Watford,MF,19,4,0,22,0,0,0,0,0,0,0.00,0.00,0.00,0.00
378,2019,Aaron Ramsdale,Bournemouth,GK,21,37,37,"3,330",0,1,0,0,0,0,0.00,0.03,0.00,0.03
379,2019,Darren Randolph,West Ham,GK,32,2,2,180,0,0,0,0,0,0,0.00,0.00,0.00,0.00
380,2019,Marcus Rashford,Manchester Utd,FW,21,31,31,"2,643",17,7,6,8,3,0,0.58,0.82,0.37,0.61
381,2019,Nathan Redmond,Southampton,"MF,FW",25,32,32,"2,762",4,4,0,0,2,0,0.13,0.26,0.13,0.26
382,2019,Pepe Reina,Aston Villa,GK,36,12,12,"1,080",0,0,0,0,1,0,0.00,0.00,0.00,0.00
383,2019,Declan Rice,West Ham,MF,20,38,38,"3,420",1,3,0,0,6,0,0.03,0.11,0.03,0.11
384,2019,Richarlison,Everton,FW,22,36,36,"3,070",13,3,0,0,8,0,0.38,0.47,0.38,0.47
385,2019,Diego Rico,Bournemouth,DF,26,27,27,"2,332",0,4,0,0,6,0,0.00,0.15,0.00,0.15
386,2019,Jaïro Riedewald,Crystal Palace,"DF,MF",22,17,7,769,0,0,0,0,0,0,0.00,0.00,0.00,0.00
387,2019,Matt Ritchie,Newcastle Utd,"DF,MF",29,18,14,"1,315",2,1,0,1,4,0,0.14,0.21,0.14,0.21
388,2019,Roberto,West Ham,GK,33,8,7,687,0,0,0,0,0,0,0.00,0.00,0.00,0.00
389,2019,Patrick Roberts,Norwich City,"MF,FW",22,3,0,26,0,0,0,0,0,0,0.00,0.00,0.00,0.00
390,2019,Andrew Robertson,Liverpool,DF,25,36,34,"3,111",2,12,0,0,2,0,0.06,0.41,0.06,0.41
391,2019,Callum Robinson,Sheffield Utd,FW,24,16,9,676,1,1,0,0,1,0,0.13,0.27,0.13,0.27
392,2019,Jack Robinson,Sheffield Utd,DF,25,6,6,504,0,0,0,0,0,0,0.00,0.00,0.00,0.00
393,2019,Rodri,Manchester City,MF,23,35,29,"2,486",3,2,0,0,8,0,0.11,0.18,0.11,0.18
394,2019,Jay Rodriguez,Burnley,FW,30,36,20,"2,016",8,1,1,1,1,0,0.36,0.40,0.31,0.36
395,2019,Jack Rodwell,Sheffield Utd,MF,28,1,0,16,0,0,0,0,0,0,0.00,0.00,0.00,0.00
396,2019,Marcos Rojo,Manchester Utd,DF,29,3,1,122,0,0,0,0,1,0,0.00,0.00,0.00,0.00
397,2019,Oriol Romeu,Southampton,MF,27,30,20,"1,860",0,0,0,0,5,0,0.00,0.00,0.00,0.00
398,2019,Danny Rose,Tottenham,DF,29,12,10,893,0,0,0,0,5,0,0.00,0.00,0.00,0.00
399,2019,Danny Rose,Newcastle Utd,DF,29,11,10,863,0,0,0,0,2,0,0.00,0.00,0.00,0.00
400,2019,Antonio Rüdiger,Chelsea,DF,26,20,19,"1,710",2,0,0,0,3,0,0.11,0.11,0.11,0.11
401,2019,Lukas Rupp,Norwich City,"FW,MF",28,12,8,695,0,0,0,0,1,0,0.00,0.00,0.00,0.00
402,2019,Mathew Ryan,Brighton,GK,27,38,38,"3,420",0,0,0,0,0,0,0.00,0.00,0.00,0.00
403,2019,Allan Saint-Maximin,Newcastle Utd,"MF,FW",22,26,23,"1,863",3,4,0,0,0,0,0.14,0.34,0.14,0.34
404,2019,Romain Saïss,Wolves,DF,29,33,31,"2,705",2,1,0,0,12,1,0.07,0.10,0.07,0.10
405,2019,Bukayo Saka,Arsenal,"DF,FW",17,26,19,"1,753",1,5,0,0,6,0,0.05,0.31,0.05,0.31
406,2019,Mamadou Sakho,Crystal Palace,DF,29,14,11,931,0,0,0,0,1,1,0.00,0.00,0.00,0.00
407,2019,Mohamed Salah,Liverpool,FW,27,34,33,"2,876",19,10,3,3,1,0,0.59,0.91,0.50,0.81
408,2019,Mbwana Samatta,Aston Villa,FW,26,14,11,943,1,0,0,0,1,0,0.10,0.10,0.10,0.10
409,2019,Carlos Sánchez,West Ham,"MF,DF",33,6,1,117,0,0,0,0,0,0,0.00,0.00,0.00,0.00
410,2019,Davinson Sánchez,Tottenham,DF,23,29,27,"2,431",0,0,0,0,6,0,0.00,0.00,0.00,0.00
411,2019,Leroy Sané,Manchester City,FW,23,1,0,12,0,0,0,0,0,0,0.00,0.00,0.00,0.00
412,2019,Ismaila Sarr,Watford,"FW,MF",21,28,22,"2,028",5,4,0,0,1,0,0.22,0.40,0.22,0.40
413,2019,Fabian Schär,Newcastle Utd,"DF,MF",27,22,18,"1,672",2,0,0,0,5,0,0.11,0.11,0.11,0.11
414,2019,Ezequiel Schelotto,Brighton,DF,30,8,4,361,0,0,0,0,2,0,0.00,0.00,0.00,0.00
415,2019,Jeffrey Schlupp,Crystal Palace,"MF,DF",26,17,11,"1,036",3,1,0,0,2,0,0.26,0.35,0.26,0.35
416,2019,Kasper Schmeichel,Leicester City,GK,32,38,38,"3,420",0,0,0,0,2,0,0.00,0.00,0.00,0.00
417,2019,Morgan Schneiderlin,Everton,MF,29,15,12,"1,001",0,0,0,0,6,1,0.00,0.00,0.00,0.00
418,2019,Ryan Sessegnon,Tottenham,DF,19,6,4,342,0,0,0,0,0,0,0.00,0.00,0.00,0.00
419,2019,Xherdan Shaqiri,Liverpool,FW,27,7,2,185,1,0,0,0,0,0,0.49,0.49,0.49,0.49
420,2019,Billy Sharp,Sheffield Utd,FW,33,25,10,"1,051",3,2,0,0,1,1,0.26,0.43,0.26,0.43
421,2019,Luke Shaw,Manchester Utd,DF,24,24,20,"1,733",0,0,0,0,7,0,0.00,0.00,0.00,0.00
422,2019,Jonjo Shelvey,Newcastle Utd,MF,27,26,25,"2,119",6,2,0,0,3,0,0.25,0.34,0.25,0.34
423,2019,Djibril Sidibé,Everton,DF,27,25,18,"1,824",0,4,0,0,3,0,0.00,0.20,0.00,0.20
424,2019,Gylfi Sigurðsson,Everton,MF,29,35,28,"2,560",2,3,1,1,3,0,0.07,0.18,0.04,0.14
425,2019,Bernardo Silva,Manchester City,"FW,MF",24,34,23,"2,030",6,7,0,0,5,0,0.27,0.58,0.27,0.58
426,2019,David Silva,Manchester City,MF,33,27,22,"1,826",6,10,0,0,0,0,0.30,0.79,0.30,0.79
427,2019,Jack Simpson,Bournemouth,DF,22,4,1,241,0,0,0,0,0,0,0.00,0.00,0.00,0.00
428,2019,Moussa Sissoko,Tottenham,MF,29,29,28,"2,452",2,1,0,0,8,0,0.07,0.11,0.07,0.11
429,2019,Oliver Skipp,Tottenham,"MF,DF",18,7,1,77,0,0,0,0,0,0,0.00,0.00,0.00,0.00
430,2019,William Smallbone,Southampton,MF,19,9,4,393,0,2,0,0,0,0,0.00,0.46,0.00,0.46
431,2019,Adam Smith,Bournemouth,DF,28,24,24,"2,055",0,1,0,0,7,0,0.00,0.04,0.00,0.04
432,2019,Emile Smith-Rowe,Arsenal,MF,19,2,1,97,0,0,0,0,0,0,0.00,0.00,0.00,0.00
433,2019,Robert Snodgrass,West Ham,"MF,FW",31,24,17,"1,509",5,5,0,0,4,0,0.30,0.60,0.30,0.60
434,2019,Cédric Soares,Southampton,DF,27,16,16,"1,306",0,1,0,0,1,0,0.00,0.07,0.00,0.07
435,2019,Cédric Soares,Arsenal,DF,27,5,3,249,1,0,0,0,0,0,0.36,0.36,0.36,0.36
436,2019,Dominic Solanke,Bournemouth,"FW,MF",21,32,17,"1,651",3,1,0,0,1,0,0.16,0.22,0.16,0.22
437,2019,Tomáš Souček,West Ham,MF,24,13,12,"1,040",3,0,0,0,0,0,0.26,0.26,0.26,0.26
438,2019,Çağlar Söyüncü,Leicester City,DF,23,34,34,"3,036",1,1,0,0,4,1,0.03,0.06,0.03,0.06
439,2019,Dennis Srbeny,Norwich City,"MF,FW",25,8,0,47,1,0,0,0,0,0,1.91,1.91,1.91,1.91
440,2019,Jack Stacey,Bournemouth,DF,23,19,17,"1,549",0,2,0,0,2,0,0.00,0.12,0.00,0.12
441,2019,Junior Stanislas,Bournemouth,"MF,DF",29,15,7,712,3,0,1,1,1,0,0.38,0.38,0.25,0.25
442,2019,Jed Steer,Aston Villa,GK,26,1,1,7,0,0,0,0,0,0,0.00,0.00,0.00,0.00
443,2019,Dale Stephens,Brighton,MF,30,33,28,"2,530",0,1,0,0,8,0,0.00,0.04,0.00,0.04
444,2019,Jack Stephens,Southampton,DF,25,28,27,"2,451",1,3,0,0,4,1,0.04,0.15,0.04,0.15
445,2019,Raheem Sterling,Manchester City,FW,24,33,30,"2,651",20,1,0,2,5,0,0.68,0.71,0.68,0.71
446,2019,Enda Stevens,Sheffield Utd,DF,29,38,38,"3,345",2,4,0,0,7,0,0.05,0.16,0.05,0.16
447,2019,Marco Stiepermann,Norwich City,MF,28,24,14,"1,180",0,0,0,0,6,0,0.00,0.00,0.00,0.00
448,2019,John Stones,Manchester City,DF,25,16,12,"1,122",0,0,0,0,0,0,0.00,0.00,0.00,0.00
449,2019,Isaac Success,Watford,"FW,MF",23,5,0,70,0,0,0,0,1,0,0.00,0.00,0.00,0.00
450,2019,Ki Sung-yueng,Newcastle Utd,MF,30,3,1,137,0,0,0,0,0,0,0.00,0.00,0.00,0.00
451,2019,Andrew Surman,Bournemouth,MF,32,5,2,235,0,0,0,0,1,0,0.00,0.00,0.00,0.00
452,2019,Sam Surridge,Bournemouth,FW,21,4,0,27,0,0,0,0,0,0,0.00,0.00,0.00,0.00
453,2019,Japhet Tanganga,Tottenham,DF,20,6,6,525,0,0,0,0,1,0,0.00,0.00,0.00,0.00
454,2019,Matt Targett,Aston Villa,DF,23,28,27,"2,291",1,2,0,0,4,0,0.04,0.12,0.04,0.12
455,2019,James Tarkowski,Burnley,DF,26,38,38,"3,420",2,2,0,0,10,0,0.05,0.11,0.05,0.11
456,2019,Charlie Taylor,Burnley,DF,25,24,22,"1,945",0,1,0,0,3,0,0.00,0.05,0.00,0.05
457,2019,Neil Taylor,Aston Villa,DF,30,14,11,"1,091",0,0,0,0,2,0,0.00,0.00,0.00,0.00
458,2019,Nathan Tella,Southampton,FW,20,1,0,3,0,0,0,0,0,0,0.00,0.00,0.00,0.00
459,2019,Alexander Tettey,Norwich City,"MF,DF",33,30,28,"2,338",1,1,0,0,5,0,0.04,0.08,0.04,0.08
460,2019,Jordan Thomas,Norwich City,FW,18,1,0,1,0,0,0,0,0,0,0.00,0.00,0.00,0.00
461,2019,Luke Thomas,Leicester City,DF,18,3,3,267,0,1,0,0,0,0,0.00,0.34,0.00,0.34
462,2019,Max Thompson,Burnley,FW,17,1,0,3,0,0,0,0,0,0,0.00,0.00,0.00,0.00
463,2019,Youri Tielemans,Leicester City,MF,22,37,32,"2,828",3,6,0,0,2,0,0.10,0.29,0.10,0.29
464,2019,Kieran Tierney,Arsenal,DF,22,15,12,989,1,1,0,0,2,0,0.09,0.18,0.09,0.18
465,2019,James Tomkins,Crystal Palace,DF,30,18,18,"1,582",1,1,0,0,5,0,0.06,0.11,0.06,0.11
466,2019,Fikayo Tomori,Chelsea,DF,21,15,15,"1,291",1,0,0,0,3,0,0.07,0.07,0.07,0.07
467,2019,Lucas Torreira,Arsenal,MF,23,29,17,"1,512",1,1,0,0,7,0,0.06,0.12,0.06,0.12
468,2019,Cenk Tosun,Crystal Palace,FW,28,5,2,177,1,0,0,0,0,0,0.51,0.51,0.51,0.51
469,2019,Cenk Tosun,Everton,FW,28,5,2,291,1,0,0,0,0,0,0.31,0.31,0.31,0.31
470,2019,Andros Townsend,Crystal Palace,MF,28,24,14,"1,294",1,1,0,0,0,0,0.07,0.14,0.07,0.14
471,2019,Adama Traoré,Wolves,"FW,MF",23,37,27,"2,605",4,9,0,0,1,0,0.14,0.45,0.14,0.45
472,2019,Mark Travers,Bournemouth,GK,20,1,1,90,0,0,0,0,0,0,0.00,0.00,0.00,0.00
473,2019,Trézéguet,Aston Villa,"FW,MF",24,34,20,"1,950",6,1,0,0,4,1,0.28,0.32,0.28,0.32
474,2019,Leandro Trossard,Brighton,"FW,MF",24,31,22,"2,011",5,3,0,0,0,0,0.22,0.36,0.22,0.36
475,2019,Tom Trybull,Norwich City,MF,26,16,14,"1,130",0,0,0,0,2,0,0.00,0.00,0.00,0.00
476,2019,Axel Tuanzebe,Manchester Utd,DF,21,5,2,189,0,0,0,0,0,0,0.00,0.00,0.00,0.00
477,2019,Yan Valery,Southampton,DF,20,11,10,779,0,0,0,0,1,0,0.00,0.00,0.00,0.00
478,2019,Jesús Vallejo,Wolves,DF,22,2,1,163,0,0,0,0,1,0,0.00,0.00,0.00,0.00
479,2019,Jamie Vardy,Leicester City,FW,32,35,34,"3,033",23,5,4,5,2,0,0.68,0.83,0.56,0.71
480,2019,Indiana Vassilev,Aston Villa,"FW,MF",18,4,0,51,0,0,0,0,0,0,0.00,0.00,0.00,0.00
481,2019,Jan Vertonghen,Tottenham,DF,32,23,19,"1,645",1,1,0,0,2,0,0.05,0.11,0.05,0.11
482,2019,Jannik Vestergaard,Southampton,DF,26,19,17,"1,497",1,0,0,0,3,0,0.06,0.06,0.06,0.06
483,2019,Rúben Vinagre,Wolves,DF,20,16,6,652,0,0,0,0,1,0,0.00,0.00,0.00,0.00
484,2019,Jake Vokins,Southampton,DF,19,1,1,90,0,0,0,0,0,0,0.00,0.00,0.00,0.00
485,2019,Mario Vrančić,Norwich City,MF,30,20,6,636,1,0,0,0,3,0,0.14,0.14,0.14,0.14
486,2019,Matěj Vydra,Burnley,FW,27,19,7,819,2,1,0,0,0,0,0.22,0.33,0.22,0.33
487,2019,Theo Walcott,Everton,"MF,FW",30,25,17,"1,287",2,3,0,0,1,0,0.14,0.35,0.14,0.35
488,2019,Kyle Walker,Manchester City,DF,29,29,28,"2,392",1,4,0,0,5,0,0.04,0.19,0.04,0.19
489,2019,Kyle Walker-Peters,Southampton,DF,22,10,7,703,0,0,0,0,1,0,0.00,0.00,0.00,0.00
490,2019,Kyle Walker-Peters,Tottenham,DF,22,3,3,241,0,0,0,0,0,0,0.00,0.00,0.00,0.00
491,2019,Aaron Wan-Bissaka,Manchester Utd,DF,21,35,34,"3,070",0,4,0,0,8,0,0.00,0.12,0.00,0.12
492,2019,Victor Wanyama,Tottenham,MF,28,2,0,25,0,0,0,0,1,0,0.00,0.00,0.00,0.00
493,2019,Joel Ward,Crystal Palace,DF,29,29,27,"2,382",0,0,0,0,4,0,0.00,0.00,0.00,0.00
494,2019,James Ward-Prowse,Southampton,"MF,DF",24,38,38,"3,420",5,3,1,3,9,0,0.13,0.21,0.11,0.18
495,2019,Kelland Watts,Newcastle Utd,DF,19,1,0,17,0,0,0,0,0,0,0.00,0.00,0.00,0.00
496,2019,Adam Webster,Brighton,DF,24,31,31,"2,668",3,1,0,0,4,0,0.10,0.13,0.10,0.13
497,2019,Danny Welbeck,Watford,"FW,MF",28,18,8,822,2,0,0,0,0,0,0.22,0.22,0.22,0.22
498,2019,Ashley Westwood,Burnley,MF,29,35,35,"3,150",2,6,0,0,9,0,0.06,0.23,0.06,0.23
499,2019,Connor Wickham,Crystal Palace,"FW,MF",26,6,0,96,1,1,0,0,0,0,0.94,1.87,0.94,1.87
500,2019,Georginio Wijnaldum,Liverpool,MF,28,37,35,"2,935",4,0,0,0,0,0,0.12,0.12,0.12,0.12
501,2019,Jetro Willems,Newcastle Utd,DF,25,19,18,"1,493",2,2,0,0,0,0,0.12,0.24,0.12,0.24
502,2019,Brandon Williams,Manchester Utd,DF,18,17,11,"1,006",1,0,0,0,6,0,0.09,0.09,0.09,0.09
503,2019,Neco Williams,Liverpool,DF,18,6,3,230,0,0,0,0,1,0,0.00,0.00,0.00,0.00
504,2019,Willian,Chelsea,FW,30,36,29,"2,600",9,7,4,4,4,0,0.31,0.55,0.17,0.42
505,2019,Joe Willock,Arsenal,"MF,FW",19,29,8,857,1,1,0,0,2,0,0.11,0.21,0.11,0.21
506,2019,Jack Wilshere,West Ham,MF,27,8,2,215,0,0,0,0,0,0,0.00,0.00,0.00,0.00
507,2019,Callum Wilson,Bournemouth,FW,27,35,32,"2,908",8,1,0,0,10,0,0.25,0.28,0.25,0.28
508,2019,Harry Wilson,Bournemouth,"MF,FW",22,31,20,"1,646",7,0,0,0,2,0,0.38,0.38,0.38,0.38
509,2019,Harry Winks,Tottenham,MF,23,31,26,"2,221",0,0,0,0,9,0,0.00,0.00,0.00,0.00
510,2019,Chris Wood,Burnley,FW,27,32,29,"2,437",14,1,1,1,1,0,0.52,0.55,0.48,0.52
511,2019,Granit Xhaka,Arsenal,MF,26,31,30,"2,586",1,2,0,0,10,0,0.03,0.10,0.03,0.10
512,2019,Andriy Yarmolenko,West Ham,"MF,FW",29,23,10,991,5,1,0,0,2,0,0.45,0.54,0.45,0.54
513,2019,DeAndre Yedlin,Newcastle Utd,DF,26,16,10,938,1,0,0,0,3,0,0.10,0.10,0.10,0.10
514,2019,Maya Yoshida,Southampton,DF,30,8,6,560,0,0,0,0,1,0,0.00,0.00,0.00,0.00
515,2019,Ashley Young,Manchester Utd,DF,34,12,10,955,0,0,0,0,5,0,0.00,0.00,0.00,0.00
516,2019,Pablo Zabaleta,West Ham,DF,34,10,6,592,0,0,0,0,2,0,0.00,0.00,0.00,0.00
517,2019,Wilfried Zaha,Crystal Palace,"MF,FW",26,38,37,"3,280",4,3,0,0,5,0,0.11,0.19,0.11,0.19
518,2019,Christoph Zimmermann,Norwich City,DF,26,17,16,"1,430",0,1,0,0,3,0,0.00,0.06,0.00,0.06
519,2019,Oleksandr Zinchenko,Manchester City,DF,22,19,13,"1,276",0,0,0,0,2,1,0.00,0.00,0.00,0.00
520,2019,Richairo Živković,Sheffield Utd,FW,22,5,0,112,0,0,0,0,0,0,0.00,0.00,0.00,0.00
521,2019,Kurt Zouma,Chelsea,DF,24,28,25,"2,344",0,0,0,0,6,0,0.00,0.00,0.00,0.00
